"Ирида капучино глухая","Основой двери ИРИДА&nbsp;является комбинированный каркас из массива сосны и МДФ. Места, где на дверное полотно устанавливается фурнитура, &nbsp;оснащены дополнительным бруском. Накладка на дверь изготавливается методом горячего прессования, благодаря которому поверхность двери получается рельефно..","4 702 руб.",http://belwooddoors.ru/image/cache/data/123/irda_kap_dg-100x200.png,http://belwooddoors.ru/doors?product_id=435,"Шпонированные двери / Двери экошпон"
"АЛЯСКА 03 Шервуд","Модель Аляска 03 изготовлена из соснового массива. Изделие покрыто специальным составом из полипропилена. Состав покрытия предупреждает разрушение от влаги, жары. Он безопасен для окружающих и не содержит в примесей фенола и формальдегида.    	&nbsp;    	Филенки и стоевые элементы модели выполнен..","3 689 руб.",http://belwooddoors.ru/image/no_door.jpg,http://belwooddoors.ru/doors?product_id=446,"Шпонированные двери / Двери экошпон"
"Юнита 208 ДО Серый Дуб","Межкомнатные белорусские двери Belwooddoors Уника Серый Дуб остекленная.    	белорусская дверь Belwooddoors Юнита 208 Серый дуб ДО с покрытием экошпон выполнена в стиле минимализм, в спокойной, сдержанной цветовой гамме. Дверь имеет полоску-вставку из стекла и оснащена высококачественной фурнитур..","8 345 руб.",http://belwooddoors.ru/image/cache/data/123/unita_208_seryi_dub_po-100x200.jpg,http://belwooddoors.ru/doors?product_id=414,"Шпонированные двери / Двери экошпон"
"Ирида слоновая кость остекленная ","Основой двери ИРИДА&nbsp;является комбинированный каркас из массива сосны и МДФ. Места, где на дверное полотно устанавливается фурнитура, &nbsp;оснащены дополнительным бруском. Накладка на дверь изготавливается методом горячего прессования, благодаря которому поверхность двери получается рельефно..","5 786 руб.",http://belwooddoors.ru/image/cache/data/123/irda_sl_do-100x200.png,http://belwooddoors.ru/doors?product_id=436,"Шпонированные двери / Двери экошпон"
"Роялти слоновая кость остекленная ","Модель двери Роялти жемчужного цвета или с оттенком слоновой кости произведена на основе добротной сосны. Для прочности ее укрепляют накладками и брусками МДФ толщиной в 6 мм. Профиль модели декорирован. За счет этого дверь выглядит презентабельно. Она покрывается особой эмалью, содержащей полиур..","6 510 руб.",http://belwooddoors.ru/image/cache/data/123/royalty_sl_do-100x200.png,http://belwooddoors.ru/doors?product_id=437,"Шпонированные двери / Двери экошпон"
"Роялти слоновая кость глухая","Модель двери Роялти жемчужного цвета или с оттенком слоновой кости произведена на основе добротной сосны. Для прочности ее укрепляют накладками и брусками МДФ толщиной в 6 мм. Профиль модели декорирован. За счет этого дверь выглядит презентабельно. Она покрывается особой эмалью, содержащей полиур..","4 702 руб.",http://belwooddoors.ru/image/cache/data/123/royalty_sl_dg-100x200.png,http://belwooddoors.ru/doors?product_id=438,"Шпонированные двери / Двери экошпон"
"Элина слоновая кость остекленная ","Дверь из брусьев сосны с применением МДФ-накладок толщиной в 6 мм. Модель Элина укрепляется специальными брусьями, которые устанавливают в полотно с дверной фурнитурой.    	Профиль модели декорирован. Торцы обрабатываются слоем защитной эмали. За счет этого Элина не желтеет, не трескается. Царапи..","6 510 руб.",http://belwooddoors.ru/image/cache/data/123/elina_sl_do-100x200.png,http://belwooddoors.ru/doors?product_id=439,"Шпонированные двери / Двери экошпон"
"Палаццо Белый","Межкомнатная белорусская дверь Белвуддорс Палаццо белый, глухая    	Технологически усовершенствованные межкомнатные двери, сочетающие в себе изящный дизайн и прочную конструкцию. Высококачественная белоснежная отделка модели&nbsp;ПАЛАЦЦО&nbsp;на основе полиуретановых красок и грунтов не только пр..","13 998 руб.",http://belwooddoors.ru/image/cache/data/123/palazzo_white-100x200.jpg,http://belwooddoors.ru/doors/palazzo_white,"Шпонированные двери / Двери экошпон"
"Элина слоновая кость глухая","Дверь из брусьев сосны с применением МДФ-накладок толщиной в 6 мм. Модель Элина укрепляется специальными брусьями, которые устанавливают в полотно с дверной фурнитурой.    	Профиль модели декорирован. Торцы обрабатываются слоем защитной эмали. За счет этого Элина не желтеет, не трескается. Царапи..","4 702 руб.",http://belwooddoors.ru/image/cache/data/123/elina_sl_dg-100x200.png,http://belwooddoors.ru/doors?product_id=440,"Шпонированные двери / Двери экошпон"
"Палермо  орех грецкий остекленная ","Модель «Палермо» выпускаются в двух вариантах: полотно глухое и полотно остекленное.  	Остекленное полотно : Мателюкс белый с пескоструйным рисунком, Мателюкс белый с витражным рисунком.  	Каркас полотна изготавливается из сосновых брусков с применением стабилизирующей МДФ подложки.  	«Палермо» о..","7 123 руб.",http://belwooddoors.ru/image/no_door.jpg,http://belwooddoors.ru/doors?product_id=451,"Шпонированные двери / Двери экошпон"
"Палаццо Слоновая кость","Межкомнатная белорусская дверь Белвуддорс Палаццо слоновая кость, глухая    	Технологически усовершенствованные межкомнатные двери, сочетающие в себе изящный дизайн и прочную конструкцию. Высококачественная белоснежная отделка модели&nbsp;ПАЛАЦЦО&nbsp;на основе полиуретановых красок и грунтов не ..","13 998 руб.",http://belwooddoors.ru/image/cache/data/123/palazzo_ivory-100x200.jpg,http://belwooddoors.ru/doors/palazzo_ivory,"Шпонированные двери / Двери экошпон"
"АЛЯСКА 01 Айсберг","Аляска 01 построена на сосновом каркасе с филенками из МДФ. Изделие имеет подложку для стабилизации из МДФ.    	Покрытие двери окутывает все элементы двери, прекрасно защищает ее от воды и Солнца. Не содержит в себе вредных для человека веществ (фенол). Дверь легко мыть.    	Такая модель обладает..","3 689 руб.",http://belwooddoors.ru/image/no_door.jpg,http://belwooddoors.ru/doors?product_id=441,"Шпонированные двери / Двери экошпон"
"Палермо  орех грецкий глухая","Модель «Палермо» выпускаются в двух вариантах: полотно глухое и полотно остекленное.  	Остекленное полотно : Мателюкс белый с пескоструйным рисунком, Мателюкс белый с витражным рисунком.  	Каркас полотна изготавливается из сосновых брусков с применением стабилизирующей МДФ подложки.  	«Палермо» о..","5 286 руб.",http://belwooddoors.ru/image/no_door.jpg,http://belwooddoors.ru/doors?product_id=452,"Шпонированные двери / Двери экошпон"
"Палаццо белый патина серебро","Межкомнатная белорусская дверь Белвуддорс Палаццо белый, глухая    	Технологически усовершенствованные межкомнатные двери, сочетающие в себе изящный дизайн и прочную конструкцию. Высококачественная белоснежная отделка модели&nbsp;ПАЛАЦЦО&nbsp;на основе полиуретановых красок и грунтов не только пр..","16 796 руб.",http://belwooddoors.ru/image/cache/data/123/palazzo_white_silver-100x200.jpg,http://belwooddoors.ru/doors/palazzo_white_silver,"Шпонированные двери / Двери экошпон"
"АЛЯСКА 01 Шервуд","Аляска 01 построена на сосновом каркасе с филенками из МДФ. Изделие имеет подложку для стабилизации из МДФ.    	Покрытие двери окутывает все элементы двери, прекрасно защищает ее от воды и Солнца. Не содержит в себе вредных для человека веществ (фенол). Дверь легко мыть.    	Такая модель обладает..","3 689 руб.",http://belwooddoors.ru/image/no_door.jpg,http://belwooddoors.ru/doors?product_id=442,"Шпонированные двери / Двери экошпон"
"Палермо  орех шате глухая","Модель «Палермо» выпускаются в двух вариантах: полотно глухое и полотно остекленное.  	Остекленное полотно : Мателюкс белый с пескоструйным рисунком, Мателюкс белый с витражным рисунком.  	Каркас полотна изготавливается из сосновых брусков с применением стабилизирующей МДФ подложки.  	«Палермо» о..","5 286 руб.",http://belwooddoors.ru/image/no_door.jpg,http://belwooddoors.ru/doors?product_id=453,"Шпонированные двери / Двери экошпон"
"Палаццо слоновая кость патина золото","Межкомнатная белорусская дверь Белвуддорс Палаццо белый, глухая    	Технологически усовершенствованные межкомнатные двери, сочетающие в себе изящный дизайн и прочную конструкцию. Высококачественная белоснежная отделка модели&nbsp;ПАЛАЦЦО&nbsp;на основе полиуретановых красок и грунтов не только пр..","16 796 руб.","http://belwooddoors.ru/image/cache/data/123/ кость патина золото-100x200.jpg",http://belwooddoors.ru/doors/palazzo_ivory_gold,"Шпонированные двери / Двери экошпон"
"АЛЯСКА 02 Айсберг","Модель Аляска 02 произведена из соснового массива. Это прочное изделие со специальным покрытием, обволакивающим каждый элемент изделия. Оно защищает от растрескивания, сохраняет текстуру имитирующую ценные породы древесины. Прекрасно переносит холод, жару, влажность. Безопасно для человека, в нем..","3 689 руб.",http://belwooddoors.ru/image/no_door.jpg,http://belwooddoors.ru/doors?product_id=443,"Шпонированные двери / Двери экошпон"
"Палермо  орех шате остекленная ","Модель «Палермо» выпускаются в двух вариантах: полотно глухое и полотно остекленное.  	Остекленное полотно : Мателюкс белый с пескоструйным рисунком, Мателюкс белый с витражным рисунком.  	Каркас полотна изготавливается из сосновых брусков с применением стабилизирующей МДФ подложки.  	«Палермо» о..","7 123 руб.",http://belwooddoors.ru/image/no_door.jpg,http://belwooddoors.ru/doors?product_id=454,"Шпонированные двери / Двери экошпон"
"Ирида капучино остекленная ","Основой двери ИРИДА&nbsp;является комбинированный каркас из массива сосны и МДФ. Места, где на дверное полотно устанавливается фурнитура, &nbsp;оснащены дополнительным бруском. Накладка на дверь изготавливается методом горячего прессования, благодаря которому поверхность двери получается рельефно..","5 786 руб.",http://belwooddoors.ru/image/cache/data/123/irda_kap_do-100x200.png,http://belwooddoors.ru/doors?product_id=433,"Шпонированные двери / Двери экошпон"
"АЛЯСКА 02 Шервуд","Модель Аляска 02 произведена из соснового массива. Это прочное изделие со специальным покрытием, обволакивающим каждый элемент изделия. Оно защищает от растрескивания, сохраняет текстуру имитирующую ценные породы древесины. Прекрасно переносит холод, жару, влажность. Безопасно для человека, в нем..","3 689 руб.",http://belwooddoors.ru/image/no_door.jpg,http://belwooddoors.ru/doors?product_id=444,"Шпонированные двери / Двери экошпон"
"Ирида слоновая кость глухая","Основой двери ИРИДА&nbsp;является комбинированный каркас из массива сосны и МДФ. Места, где на дверное полотно устанавливается фурнитура, &nbsp;оснащены дополнительным бруском. Накладка на дверь изготавливается методом горячего прессования, благодаря которому поверхность двери получается рельефно..","4 702 руб.",http://belwooddoors.ru/image/cache/data/123/irda_sl_dg-100x200.png,http://belwooddoors.ru/doors?product_id=434,"Шпонированные двери / Двери экошпон"
"АЛЯСКА 03 Айсберг","Модель Аляска 03 изготовлена из соснового массива. Изделие покрыто специальным составом из полипропилена. Состав покрытия предупреждает разрушение от влаги, жары. Он безопасен для окружающих и не содержит в примесей фенола и формальдегида.    	&nbsp;    	Филенки и стоевые элементы модели выполнен..","3 689 руб.",http://belwooddoors.ru/image/no_door.jpg,http://belwooddoors.ru/doors?product_id=445,"Шпонированные двери / Двери экошпон"
"Юнита 208 ДГ Серый Дуб","Межкомнатные белорусские&nbsp; двери Belwooddoors Уника Серый Дуб глухая.    	белорусская дверь Юнита 208 Серый дуб глухая Belwwoddors имеет глухое дверное полотно толщиной 4 см. Благодаря применению полипропилена премиум класса с 3D текстурой,покрытие имеет повышенную степень прочности и отличае..","6 761 руб.",http://belwooddoors.ru/image/cache/data/123/unita_208_seryi_dub-100x200.jpg,http://belwooddoors.ru/doors?product_id=416,"Шпонированные двери / Двери экошпон"
"Уника 208  Эшвуд остекленная","Межкомнатные белорусские двери Белвуддорс Уника Эш вуд остекленная.    	Межкомнатные двери с покрытием экошпон взыскали свою популярность в Беларуси и за ее пределами за счет неизменно высокого качества. Белорусская дверь Уника 208 Эшвуд остекленная имеет приятный цвет и современный дизайн. Данна..","8 345 руб.",http://belwooddoors.ru/image/cache/data/123/ynika_208_eshwood_po-100x200.jpg,http://belwooddoors.ru/doors?product_id=415,"Шпонированные двери / Двери экошпон"
"Уника 208 Nero Nobile остекленная","Межкомнатные белорусские двери Белвуддорс&nbsp;Уника 208 Nero Nobile остекленная.    	Межкомнатные двери с покрытием экошпон взыскали свою популярность в Беларуси и за ее пределами за счет неизменно высокого качества. Белорусская дверь Уника 208 Nero Nobile остекленная имеет приятный цвет и совре..","8 345 руб.",http://belwooddoors.ru/image/no_door.jpg,http://belwooddoors.ru/doors?product_id=448,"Шпонированные двери / Двери экошпон"
"Уника 208 Бьянко нобиле остекленная","Межкомнатные белорусские двери Белвуддорс Уника 208 Бьянко нобиле остекленная.    	Межкомнатные двери с покрытием экошпон взыскали свою популярность в Беларуси и за ее пределами за счет неизменно высокого качества. Белорусская дверь Уника 208 Бьянко нобиле остекленная имеет приятный цвет и соврем..","8 345 руб.",http://belwooddoors.ru/image/no_door.jpg,http://belwooddoors.ru/doors?product_id=450,"Шпонированные двери / Двери экошпон"
"Уника 208 Nero Nobile глухая","Межкомнатные белорусские двери Belwooddoors&nbsp;Уника 208 Nero Nobile глухая.    	Новая модель дверей белорусского производителя Belwooddoors имеет универсальный внешний вид и приемлемую цену. Дверь Уника 208 Nero Nobile глухаяБелвуддорс изготовлена из экологически чистых материалов по стандарта..","6 761 руб.",http://belwooddoors.ru/image/no_door.jpg,http://belwooddoors.ru/doors?product_id=447,"Шпонированные двери / Двери экошпон"
"Уника 208 Бьянко нобиле глухая","Межкомнатные белорусские двери Belwooddoors&nbsp;Уника 208 Бьянко нобиле глухая.    	Новая модель дверей белорусского производителя Belwooddoors имеет универсальный внешний вид и приемлемую цену. Дверь Уника 208 Бьянко нобиле глухая Белвуддорс изготовлена из экологически чистых материалов по стан..","6 761 руб.",http://belwooddoors.ru/image/no_door.jpg,http://belwooddoors.ru/doors?product_id=449,"Шпонированные двери / Двери экошпон"
"Уника 208 Эшвуд глухая","Межкомнатные белорусские двери Belwooddoors Уника Эш вуд глухая.    	Новая модель дверей белорусского производителя Belwooddoors имеет универсальный внешний вид и приемлемую цену. Дверь Уника 208 Эшвуд глухая Белвуддорс изготовлена из экологически чистых материалов по стандартам европейского обра..","6 761 руб.",http://belwooddoors.ru/image/cache/data/123/ynika_208_eshwood_pg-100x200.jpg,http://belwooddoors.ru/doors?product_id=417,"Шпонированные двери / Двери экошпон"
"Matrix 01 Cерый дуб","Межкомнатная белорусская дверь Белвуддорс Matrix 01 серый дуб.    	Данная модель может стать основной изюминкой интерьера, если в вашей комнате серебристый или стальной цвет являются базовыми. Облицована дверь Matrix 01 Белвуддорс современным улучшенным полипропиленом, за счет чего достигается гл..","5 681 руб.",http://belwooddoors.ru/image/cache/data/123/matrix_01_seryi_dub-100x200.jpg,http://belwooddoors.ru/doors?product_id=407,"Шпонированные двери / Двери экошпон"
"Matrix 02 Cерый дуб","Межкомнатная белорусская дверь Belwooddoors Matrix 02 Серый дуб.    	Двери Matrix 02 Серый дуб являются ярким представителем современного стиля. Дверь выглядит элегантно и изысканно, и выгодно отличается от дверей других производителей своими улучшенными техническими показателями. В изготовлении ..","5 935 руб.",http://belwooddoors.ru/image/cache/data/123/matrix_02_seryi_dub-100x200.jpg,http://belwooddoors.ru/doors?product_id=357,"Шпонированные двери / Двери экошпон"
"Matrix 01 Бьянко нобиле","Межкомнатная белорусская дверь Белвуддорс Matrix 01 Бьянко нобиле.    	Сверху полотно Мирелла Орех Белвуддорс покрыто натуральным шпоном с применением стабилизирующей МДФ-подложки. В качестве покрытия для полотна используется лак BeckerAcroma производства Швеция, благодаря чему дверь становится м..","5 426 руб.",http://belwooddoors.ru/image/cache/data/123/matrix_01_bianco_nobile-100x200.jpg,http://belwooddoors.ru/doors?product_id=408,"Шпонированные двери / Двери экошпон"
"Matrix 02 Бьянко нобиле","Межкомнатная белорусская дверь Belwooddoors Matrix 02 Бьянко нобиле.    	Легкость и простота линий,вот основные преимущества этой модели.&nbsp; Белый цвет является универсальным, он предает воздушность помещению, при этом, вы можете не бояться что дверь &nbsp;Матрикс бьянко нобиле будет конфликто..","5 681 руб.",http://belwooddoors.ru/image/cache/data/new1/matrix02_plombir-100x200.jpg,http://belwooddoors.ru/doors?product_id=359,"Шпонированные двери / Двери экошпон"
"Авангард люкс орех ДО","Межкомнатная белорусская дверь Belwoodddoors Авангард люкс орех остекленная.    	Двери Авангард орех ДО представляет собой полотно с объемным 3D покрытием выполненным из натурального шпона. Центральная часть полотна имеет горизонтальное направление шпона, боковые стойки вертикальное. Центром прит..","8 567 руб.",http://belwooddoors.ru/image/cache/data/new/avanorex-100x200.jpg,http://belwooddoors.ru/doors?product_id=325,"Шпонированные двери / Двери экошпон"
"Авангард орех ДГ","Межкомнатная белорусская дверь Belwoodddoors Авангард орех глухая.    	Двери Авангард орех ДГ( в глухом исполнении) представляют собой новую моду в оформлении межкомнатных дверей. Текстурное,объемное 3D покрытие придает необычный формат изделию. Игра света на изгибах натурального шпона делает каж..","6 681 руб.",http://belwooddoors.ru/image/cache/data/new/avan-orex(1)-100x200.jpg,http://belwooddoors.ru/doors?product_id=332,"Шпонированные двери / Двери экошпон"
"Авангард люкс венге ДО","Межкомнатная белорусская дверь Белвуддорс Авангард люкс венге остекленная.    	Двери Авангард ДО венге&nbsp; привлекают внимание умело подобранным сочетание черного непрозрачного остекления в центральной части полотна и игрой света на шпонированной волнообразной поверхности. Выполненная в популяр..","8 567 руб.",http://belwooddoors.ru/image/cache/data/new/avangvengepo-100x200.jpg,http://belwooddoors.ru/doors?product_id=326,"Шпонированные двери / Двери экошпон"
"Авангард венге ДГ","Межкомнатная белорусская дверь Белвуддорс Авангард венге глухая.    	Двери Авангард ДГ венге&nbsp; с неповторимым рисунком шпона в формате 3D не оставляют никого равнодушным к яркому и необычному дизайну. Разнонаправленный шпон центральной и боковой поверхности лишь подчеркивает эксклюзивность мо..","6 681 руб.",http://belwooddoors.ru/image/cache/data/new/avanvengepg-100x200.jpg,http://belwooddoors.ru/doors?product_id=324,"Шпонированные двери / Двери экошпон"
"Классика люкс венге ст.24","Межкомнатная белорусская дверь Белвуддорс&nbsp; Классика люкс венге остекленная.    	Двери Классика Люкс венге со стеклом 24 логическая пара к глухому полотну. Дизайн глухого полотна разбавлен центральной вставкой из стекла с пескоструйным рисунком""Мателюкс белый""    	Дверь Классика люкс Остеклен..","6 273 руб.",http://belwooddoors.ru/image/cache/data/new/klassik_venge-100x200.jpg,http://belwooddoors.ru/doors?product_id=330,"Шпонированные двери / Двери экошпон"
"Классика люкс венге","Межкомнатная белорусская дверь Белвуддорс&nbsp; Классика люкс венге глухая.    	Дверь межкомнатная модель “Классика Люкс” изготавливается в глухом исполнении с покрытием шпоном fine-line в цвете венге.  	В данной модели используются сосновые закладные. Проставя комбинация с разным направлением шп..","4 300 руб.",http://belwooddoors.ru/image/cache/data/123/klassica_lux_venge-100x200.jpg,http://belwooddoors.ru/doors/classica_lux_wenge,"Шпонированные двери / Двери экошпон"
"Классика люкс орех ст.24","Межкомнатная белорусская дверь Belwooddoors Классика люкс орех остекленная.    	В двери Классика Люкс орех остекленная&nbsp; ценральное место занимает центральное остекление с пескоструйным рисунком ""Мателюкс белый""и все это подчеркивается насыщенным классическим ореховым цветом шпона,имеющим к т..","6 273 руб.",http://belwooddoors.ru/image/cache/data/new/klassik_orex-100x200.jpg,http://belwooddoors.ru/doors?product_id=327,"Шпонированные двери / Двери экошпон"
"Классика люкс орех","Межкомнатная белорусская дверь Белвуддорс Классика люкс орех глухая.    	Дверь межкомнатная модель “Классика Люкс” изготавливается в глухом исполнении с покрытием шпоном fine-line в цвете орех.  	В данной модели используются сосновые закладные. Изюминкой дизайна двери является шпон центральной ча..","4 300 руб.",http://belwooddoors.ru/image/cache/data/123/klassica_lux_orex-100x200.jpg,http://belwooddoors.ru/doors/classica_lux_nutwood,"Шпонированные двери / Двери экошпон"
"Классика люкс дуб ст.24","Межкомнатная белорусская дверь Белвуддорс&nbsp; Классика люкс дуб остекленная.    	Двери Классика дуб остекленная с центральным пескоструйным стеклом ""Мателюкс белый"" сразу полюбилась покупателям. Яркий шпон натурального дуба в сочетании с цениральным остеклением и разнонаправленным шпоном та гре..","6 273 руб.",http://belwooddoors.ru/image/cache/data/new/klassik_dub-100x200.jpg,http://belwooddoors.ru/doors?product_id=328,"Шпонированные двери / Двери экошпон"
"Классика люкс дуб","Межкомнатная белорусская дверь Belwooddoors&nbsp; Классика люкс дуб глухая.    	Дверь межкомнатная модель “Классика Люкс” изготавливается в глухом исполнении с покрытием шпоном fine-line в цвете дуб. Ярко выраженный перпендикулярный друг к другу шпон в центральной части и боковых стоек создают вс..","4 300 руб.",http://belwooddoors.ru/image/cache/data/123/klassica_lux_dub-100x200.jpg,http://belwooddoors.ru/doors/classica_lux_oak,"Шпонированные двери / Двери экошпон"
"Челси грецкий орех ДО","Межкомнатная белорусская дверь Belwoodddoors Челси Грецкий орех остекленная.    	Дверь межкомнатная Челси остекленная - это дверь подетальной сборки, изготовленная из экологически чистых материалов по лучшим европейским стандартам.  	Детали стоевых изготовлены из массива сосны. Покрытие выполнено..","5 223 руб.",http://belwooddoors.ru/image/cache/data/new/kapriceza-grecorex-do-100x200.png,http://belwooddoors.ru/doors/chelsey_greece,"Шпонированные двери / Двери экошпон"
"Челси грецкий орех ДГ","Межкомнатная белорусская дверь Belwoodddoors Челси Грецкий орех глухая.    	Дверь межкомнатная Челси - это дверь подетальной сборки, изготовленная из экологически чистых материалов по лучшим европейским стандартам.  	Детали стоевых изготовлены из массива сосны. Покрытие выполнено из экошпона 3D W..","4 622 руб.",http://belwooddoors.ru/image/cache/data/chel_grec_pg-100x200.jpg,http://belwooddoors.ru/doors?product_id=221,"Шпонированные двери / Двери экошпон"
"Челси клен серебристый ДО","Межкомнатная белорусская дверь Белвуддорс Челси клен серебристый остекленная.    	Дверь межкомнатная Челси - это дверь подетальной сборки, изготовленная из экологически чистых материалов по лучшим европейским стандартам.  	Детали стоевых изготовлены из массива сосны. Покрытие выполнено из экошпон..","4 935 руб.",http://belwooddoors.ru/image/cache/data/new/4elsi-do-100x200.jpg,http://belwooddoors.ru/doors/chelsey_silver,"Шпонированные двери / Двери экошпон"
"Челси клен серебристый ДГ","Межкомнатная белорусская дверь Belwoodddoors Челси клен серебристый глухая.    	Дверь межкомнатная Челси - это дверь подетальной сборки, изготовленная из экологически чистых материалов по лучшим европейским стандартам.  	Детали стоевых изготовлены из массива сосны. Покрытие выполнено из экошпона ..","4 330 руб.",http://belwooddoors.ru/image/cache/data/new/4elsi-dg-100x200.jpg,http://belwooddoors.ru/doors?product_id=222,"Шпонированные двери / Двери экошпон"
"Милан кедр ДГ","Межкомнатная белорусская дверь Белвуддорс Милан Кедр глухая.    	Дверь межкомнатная модель “Милан” выполнена в двух вариантах: полотно глухое и остекленное полотно.  	Покрытие - шпон fine-line в цвете кедр. Дизайн полотна представляет собой пример так называемой ""неоклассики"" с классический компа..","3 965 руб.",http://belwooddoors.ru/image/cache/data/milan_kedr_pg-100x200.jpg,http://belwooddoors.ru/doors/milan_kedr,"Шпонированные двери / Двери экошпон"
"Милан кедр Мателюкс","Межкомнатная белорусская дверь Белвуддорс Милан Кедр стекло Мателюкс.    	Дверь межкомнатная модель “Милан” выполнена в двух вариантах: полотно глухое и остекленное полотно.  	Покрытие - шпон fine-line в цвете кедр.  	В остекленных моделях используется стекло “белый Мателюкс” с художественным рис..","5 879 руб.",http://belwooddoors.ru/image/cache/data/bud/5/milan_kedr_po-100x200.jpg,http://belwooddoors.ru/doors?product_id=227,"Шпонированные двери / Двери экошпон"
"Милан падук  ДГ","Межкомнатная белорусская дверь Belwooddoors&nbsp; Милан падук глухая.    	Дверь межкомнатная Милан падук выполнена в двух вариантах: полотно глухое и остекленное полотно.  	Покрытие - шпон fine-line в цвете падук.  	Ярко выраженный ,индивидуальный шпон падук и мягкие линии классического дизайна п..","3 965 руб.",http://belwooddoors.ru/image/cache/data/new/milan-paduc-100x200.jpg,http://belwooddoors.ru/doors/milan_paduk,"Шпонированные двери / Двери экошпон"
"Милан падук Мателюкс","Межкомнатные белорусские двери Белвуддорс Милан Падук стекло мателюкс.    	Дверь межкомнатная Милан падук используется стекло “белый Мателюкс” с художественным рисунком. Сочетание большого остекление,необычность и плавность линии филенок подчеркивают стильность и неординароность дизайна полотна.  ..","5 879 руб.",http://belwooddoors.ru/image/cache/data/123/milan_paduk_ris_4-100x200.jpg,http://belwooddoors.ru/doors?product_id=228,"Шпонированные двери / Двери экошпон"
"Франческа грецкий орех Мателюкс","Межкомнатные белорусские двери Белвуддорс Франческо Грецкий орех стекло Мателюкс.    	модель «Франческа» выпускаются в двух вариантах: полотно глухое и полотно остекленное.  	Остекленное полотно: Мателюкс белый с алмазной резкой декорированное стразами.  	Каркас полотна изготавливается из сосновы..","10 420 руб.",http://belwooddoors.ru/image/cache/data/new/franceska-grec-orex-22-100x200.png,http://belwooddoors.ru/doors/franchesco_greece,"Шпонированные двери / Двери экошпон"
"Франческа грецкий орех ДГ","Межкомнатные белорусские двери Belwooddoors Франческо Грецкий орех глухая.    	модель «Франческа» выпускаются в двух вариантах: полотно глухое и полотно остекленное.  	Остекленное полотно: Мателюкс белый с алмазной резкой декорированное стразами, Мателюкс витражный с рис. 17.  	Каркас полотна изг..","6 399 руб.",http://belwooddoors.ru/image/cache/data/fr_grec_pg-100x200.jpg,http://belwooddoors.ru/doors?product_id=250,"Шпонированные двери / Двери экошпон"
"Франческа дуб ДГ","Межкомнатная белорусская дверь Belwooddoors&nbsp; Франческо дуб глухая.    	Двери Франческо Дуб глухое представитель классической школы шпонированных дверей. Верхняя большая филенка занимающая 2/3 высоты полотна скомпонована с нижней ,значительно более меньшей по размерам. Строгость и четкость ли..","7 365 руб.",http://belwooddoors.ru/image/cache/data/franchesco_dub_pg-100x200.jpg,http://belwooddoors.ru/doors/franchesco_oak,"Шпонированные двери / Двери экошпон"
"Франческа дуб Мателюкс","Межкомнатная белорусская дверь Белвуддорс&nbsp; Франческо дуб стекло Мателюкс.    	Двери&nbsp; Франческа дуб остекленная комплектуется стеклом ""Мателюкс белый"" с пескоструйным рисунком. Простой и незамысловатый рисунок на стекле придает ощущение легкости и парадности двери.  	Каркас полотна изгот..","8 991 руб.",http://belwooddoors.ru/image/cache/data/new/franceska-dub-22-100x200.png,http://belwooddoors.ru/doors?product_id=251,"Шпонированные двери / Двери экошпон"
"Франческа орех ДГ","Межкомнатная белорусская дверь Belwooddoors&nbsp; Франческо орех глухая.    	Белорусские двери Франческо орех глухая в строгом классическом исполнении соотвествует всем канонам ""классической"" двери. Филенки, занимающие большую площадь полотна, выполнены из МДФ. Багет имеет фигурную волнообразную ..","7 365 руб.",http://belwooddoors.ru/image/cache/data/new/fran3-100x200.jpg,http://belwooddoors.ru/doors?product_id=252,"Шпонированные двери / Двери экошпон"
"Франческа орех Мателюкс","Межкомнатная белорусская дверь Belwooddoors&nbsp; Франческо орех стекло Мателюкс.     	Дверь межкомнатная модель Франческа выпускаются в двух вариантах: полотно глухое и полотно остекленное.  	Остекленное полотно : Мателюкс белый с пескоструйным рисунком, Мателюкс белый с витражным рисунком.  	Ка..","8 991 руб.",http://belwooddoors.ru/image/cache/data/new/franceska-orex-22-100x200.png,http://belwooddoors.ru/doors/franchesco_nutwood,"Шпонированные двери / Двери экошпон"
"Франческа орех шате Глухая","Межкомнатная белорусская дверь Belwooddoors&nbsp; Франческо орех шате глухая.    	Белорусские двери Франческо Шате глухая представляют собой каркасно-щитовую дверь, выполненую в классическом стиле. Современное покрытие ""экошпон"" экологически безопастных японских пленок придает изделию лоск. Темно..","5 119 руб.",http://belwooddoors.ru/image/cache/data/new1/pg-fran_shate-100x200.png,http://belwooddoors.ru/doors?product_id=371,"Шпонированные двери / Двери экошпон"
"Франческа орех шате стекло Мателюкс","Межкомнатная белорусская дверь Белвуддорс&nbsp; Франческо орех шате стекло Мателюкс.    	Двери Франческо Шате остекленные украшены стеклом ""Мателюкс белый "" гравировкой со стразами Swarovski. Примение такого стекла на простой классической двери придало ему легкость и воздушность, при сохранении ц..","10 400 руб.",http://belwooddoors.ru/image/cache/data/new1/fr_shate-do-100x200.jpg,http://belwooddoors.ru/doors?product_id=372,"Шпонированные двери / Двери экошпон"
"Франческа палисандр Глухая",..,"5 118 руб.",http://belwooddoors.ru/image/cache/data/new1/pg-fran-pol-100x200.png,http://belwooddoors.ru/doors?product_id=369,"Шпонированные двери / Двери экошпон"
"Франческа палисандр остекленная",..,"4 168 руб.",http://belwooddoors.ru/image/cache/data/new1/fr_pal-do-100x200.jpg,http://belwooddoors.ru/doors?product_id=370,"Шпонированные двери / Двери экошпон"
"Франческа ясень скандинавский ДГ","Межкомнатная белорусская дверь Белвуддорс Франческо ясень скандинавский глухая.    	модель «Франческа» выпускаются в двух вариантах: полотно глухое и полотно остекленное.  	Остекленное полотно: Мателюкс белый с алмазной резкой декорированное стразами.  	Каркас полотна изготавливается из сосновых ..","6 399 руб.",http://belwooddoors.ru/image/cache/data/new/franceska-jasscan-22-100x200.png,http://belwooddoors.ru/doors/franchesco_yasen,"Шпонированные двери / Двери экошпон"
"Франческа ясень скандинавский Мателюкс","Межкомнатная белорусская дверь Белвуддорс Франческо ясень скандинавский глухая.    	модель «Франческа» выпускаются в двух вариантах: полотно глухое и полотно остекленное.  	Остекленное полотно: Мателюкс белый с алмазной резкой декорированное стразами.  	Каркас полотна изготавливается из сосновых ..","10 420 руб.",http://belwooddoors.ru/image/cache/data/fr_yasen_po-100x200.jpg,http://belwooddoors.ru/doors?product_id=248,"Шпонированные двери / Двери экошпон"
"Мирелла Белый Глянец","Межкомнатная белорусская дверь Белвуддорс Мирелла Белый глянец.    	Глянец присутствует не только в моде, журналах, но и как мы видим, и в дверном производстве. Роскошь, блеск - все это присуще данной модели белорусских дверей Белвуддорс Мирелла глянец белый . Белое глянцевое полотно разделено на..","7 357 руб.",http://belwooddoors.ru/image/cache/data/logo/mirella_glanec-100x200.jpg,http://belwooddoors.ru/doors?product_id=345,"Шпонированные двери / Двери экошпон"
"Мирелла Венге","Межкомнатные белорусские двери Belwoodddoors Мирелла венге .    	Двери Мирелла Венге Belwooddoors изготовлены из экологически чистых материалов в лучших европейских традициях. Полотно покрыто высококачественным шведским нитроцеллюлозным лаком компании BeckerAcroma, лак наносится в три слоя с пром..","6 582 руб.",http://belwooddoors.ru/image/cache/data/logo/mirella_v-100x200.jpg,http://belwooddoors.ru/doors?product_id=346,"Шпонированные двери / Двери экошпон"
"Мирелла Орех","Межкомнатные белорусские двери Белвуддорс Мирелла орех.    	Сверху полотно Мирелла Орех Белвуддорс покрыто натуральным шпоном с применением стабилизирующей МДФ-подложки. В качестве покрытия для полотна используется лак BeckerAcroma производства Швеция, благодаря чему дверь становится максимально ..","6 582 руб.",http://belwooddoors.ru/image/cache/data/logo/mirella_orex-100x200.jpg,http://belwooddoors.ru/doors?product_id=347,"Шпонированные двери / Двери экошпон"
"Мирелла палисандр ","Межкомнатные белорусские двери Belwoodddoors Мирелла палисандр .    	Дверь межкомнатная Мирелла - это дверь подетальной сборки.  	Детали стоевых изготовлены из массива сосны.  	Двери «Мирелла» окутываются экошпоном с 3D Wood Look эффектом в цвете палисандр.  	В модели присутствуют вставки стекла ..","4 506 руб.",http://belwooddoors.ru/image/cache/data/mir_pal-100x200.jpg,http://belwooddoors.ru/doors/mirella_palisandr,"Шпонированные двери / Двери экошпон"
"Мирелла ясень скандинавский","Межкомнатные белорусские двери Belwoodddoors Мирелла ясень скандинавский .    	Мирелла - это дверь подетальной сборки.  	Детали стоевых изготовлены из массива сосны.  	Двери «Мирелла» окутываются экошпоном с 3D Wood Look эффектом в цвете ясень скандинавский.  	В модели присутствуют вставки стекла..","4 506 руб.",http://belwooddoors.ru/image/cache/data/mir_yasen-100x200.jpg,http://belwooddoors.ru/doors/mirella_yasen,"Шпонированные двери / Двери экошпон"
"Модерн люкс венге ДГ","&nbsp;Межкомнатные белорусскые двери Belwoodddoors Модерн люкс венге глухая.    	модель межкомнатных дверей “Модерн Люкс” изготавливается в двух вариантах: полотно глухое и полотно остекленное с раскладкой.  	Каркас полотна изготовлен из массива сосны.  	В качестве облицовки используется строганы..","6 232 руб.",http://belwooddoors.ru/image/cache/data/123/modern_lux_venge-100x200.jpg,http://belwooddoors.ru/doors?product_id=238,"Шпонированные двери / Двери экошпон"
"Модерн люкс венге ДО","&nbsp; Межкомнатные белорусские двери Белвуддорс Модерн люкс венге остекленная.    	модель межкомнатных дверей “Модерн Люкс” изготавливается в двух вариантах: полотно глухое и полотно остекленное с раскладкой.  	Каркас полотна изготовлен из массива сосны.  	В качестве облицовки используется строг..","6 525 руб.",http://belwooddoors.ru/image/cache/data/new/modern-venge-do-100x200.png,http://belwooddoors.ru/doors/modern_lux_wenge,"Шпонированные двери / Двери экошпон"
"Модерн люкс венге стекло 19","&nbsp;Межкомнатные белорусские двери Belwoodddoors Модерн люкс венге стекло 19.    	&nbsp;модель межкомнатных дверей “Модерн Люкс” изготавливается в двух вариантах: полотно глухое и полотно остекленное с раскладкой.  	Каркас полотна изготовлен из массива сосны.  	В качестве облицовки используется..","7 374 руб.",http://belwooddoors.ru/image/cache/data/new/modern-venge-19-100x200.png,http://belwooddoors.ru/doors?product_id=239,"Шпонированные двери / Двери экошпон"
"Капричеза дуб ДГ","Межкомнатная белорусская дверь Belwoodddoors Капричеза дуб глухая.    	модель “Капричеза” выполнена в двух вариантах: полотно глухое и полотно под остекление.  	Раскладка изготовлена из древесины сосны.  	Покрытие - шпон fine-line в цвете дуб.  	В остекленных моделях используется стекло “Сельвит ..","3 870 руб.",http://belwooddoors.ru/image/cache/data/123/kapricheza_dub-100x200.jpg,http://belwooddoors.ru/doors?product_id=223,"Шпонированные двери / Двери экошпон"
"Капричеза дуб ДО","Межкомнатная белорусская дверь Belwoodddoors Капричеза Дуб остекленная.    	модель “Капричеза” выполнена в двух вариантах: полотно глухое и полотно под остекление.  	Раскладка изготовлена из древесины сосны.  	Покрытие - шпон fine-line в цвете дуб.  	В остекленных моделях используется стекло “Сел..","5 330 руб.",http://belwooddoors.ru/image/cache/data/new/kapriceza-dub-do-100x200.png,http://belwooddoors.ru/doors/capricheza_oak,"Шпонированные двери / Двери экошпон"
"Капричеза дуб Мателюкс","Межкомнатная белорусская дверь Belwoodddoors Капричеза Дуб стекло Мателюкс.    	модель “Капричеза” выполнена в двух вариантах: полотно глухое и полотно под остекление.  	Раскладка изготовлена из древесины сосны.  	Покрытие - шпон fine-line в цвете дуб.  	В остекленных моделях используется стекло ..","5 330 руб.",http://belwooddoors.ru/image/cache/data/new/kapric-st1-100x200.jpg,http://belwooddoors.ru/doors?product_id=224,"Шпонированные двери / Двери экошпон"
"Капричеза орех ДГ","Межкомнатная белорусская дверь Белвуддорс&nbsp; Капричеза Орех глухая.    	Дверь межкомнатная модель “Капричеза” выполнена в двух вариантах: полотно глухое и полотно под остекление.  	Раскладка изготовлена из древесины сосны.  	Покрытие - шпон fine-line в цвете дуб.  	В остекленных моделях исполь..","3 870 руб.",http://belwooddoors.ru/image/cache/data/new/kapric-orex-dg-100x200.jpg,http://belwooddoors.ru/doors/capricheza_nutwood,"Шпонированные двери / Двери экошпон"
"Капричеза орех ДО","Межкомнатная белорусская дверь Белвуддорс&nbsp; Капричеза Орех остекленная.    	Дверь межкомнатная модель “Капричеза” выполнена в двух вариантах: полотно глухое и полотно под остекление.  	Раскладка изготовлена из древесины сосны.  	Покрытие - шпон fine-line в цвете дуб.  	В остекленных моделях и..","5 330 руб.",http://belwooddoors.ru/image/cache/data/new/kapriceza-orex-do-100x200.png,http://belwooddoors.ru/doors?product_id=226,"Шпонированные двери / Двери экошпон"
"Капричеза орех Мателюкс","Межкомнатная белорусская дверь Белвуддорс&nbsp; Капричеза Орех стекло Мателюкс.    	Дверь межкомнатная модель “Капричеза” выполнена в двух вариантах: полотно глухое и полотно под остекление.  	Раскладка изготовлена из древесины сосны.  	Покрытие - шпон fine-line в цвете дуб.  	В остекленных модел..","5 330 руб.",http://belwooddoors.ru/image/cache/data/new/kapriceza-orex-1-100x200.png,http://belwooddoors.ru/doors?product_id=225,"Шпонированные двери / Двери экошпон"
"Перфекта дуб английский ДГ","&nbsp;Межкомнатные белорусские двери Belwoodddoors Перфекта дуб английский глухая.    	Дверь&nbsp; межкомнатная Перфекта&nbsp; покрываются экошпоном немецкой фирмы.  	Благодаря этому, они на порядок превышают по основным потребительским свойствам (износоустойчивости, влагоустойчивости, надежности..","2 389 руб.",http://belwooddoors.ru/image/cache/data/new/perfecta-dub-angl-dg-100x200.png,http://belwooddoors.ru/doors?product_id=211,"Шпонированные двери / Двери экошпон"
"Перфекта дуб английский Диамант","&nbsp;Межкомнатные белорусские двери Белвуддорс Перфекта дуб английский стекло Диамант.    	Дверь&nbsp; межкомнатная Перфекта&nbsp; покрываются экошпоном немецкой фирмы.  	Благодаря этому, они на порядок превышают по основным потребительским свойствам (износоустойчивости, влагоустойчивости, надеж..","3 715 руб.",http://belwooddoors.ru/image/cache/data/new/perfecta-dub-diamant-100x200.png,http://belwooddoors.ru/doors/perfecta_engl,"Шпонированные двери / Двери экошпон"
"Перфекта дуб английский стекло Мателюкс белый","&nbsp;Межкомнатные белорусские двери Белвуддорс Перфекта дуб английский стекло Мателюкс белый.    	Дверь&nbsp; межкомнатная Перфекта&nbsp; покрываются экошпоном немецкой фирмы.  	Благодаря этому, они на порядок превышают по основным потребительским свойствам (износоустойчивости, влагоустойчивости..","4 372 руб.",http://belwooddoors.ru/image/cache/data/new/perfecta-dub-angl-14-100x200.png,http://belwooddoors.ru/doors?product_id=212,"Шпонированные двери / Двери экошпон"
"Перфекта итальянский орех ДГ","&nbsp;Межкомнатные белорусские двери Белвуддорс Перфекта итальянский орех глухая.    	Дверь&nbsp; межкомнатная Перфекта&nbsp; покрываются экошпоном немецкой фирмы.  	Благодаря этому, они на порядок превышают по основным потребительским свойствам (износоустойчивости, влагоустойчивости, надежности ..","2 278 руб.",http://belwooddoors.ru/image/cache/data/perf_ital_pg-100x200.jpg,http://belwooddoors.ru/doors?product_id=213,"Шпонированные двери / Двери экошпон"
"Перфекта итальянский орех Мателюкс","&nbsp;Межкомнатные двери Belwooddoors Перфекта итальянский орех стекло Мателюкс.    	Дверь&nbsp; межкомнатная Перфекта&nbsp; покрываются экошпоном немецкой фирмы.  	Благодаря этому, они на порядок превышают по основным потребительским свойствам (износоустойчивости, влагоустойчивости, надежности в..","4 160 руб.",http://belwooddoors.ru/image/cache/data/new/perfecta-italor-14-100x200.png,http://belwooddoors.ru/doors?product_id=214,"Шпонированные двери / Двери экошпон"
"Перфекта каштан золотистый ДГ","&nbsp;Межкомнатные белорусские двери Belwooddoors Перфекта каштан золотистый глухая.    	Дверь&nbsp; межкомнатная Перфекта&nbsp; покрываются экошпоном немецкой фирмы.  	Благодаря этому, они на порядок превышают по основным потребительским свойствам (износоустойчивости, влагоустойчивости, надежнос..","2 389 руб.",http://belwooddoors.ru/image/cache/data/perf_kashtan-100x200.JPG,http://belwooddoors.ru/doors/perfecta_kashtan,"Шпонированные двери / Двери экошпон"
"Перфекта каштан золотистый Диамант","&nbsp;Межкомнатные белорусские двери Белвуддорс Перфекта каштан золотистый стекло Диамант.    	Дверь&nbsp; межкомнатная Перфекта&nbsp; покрываются экошпоном немецкой фирмы.  	Благодаря этому, они на порядок превышают по основным потребительским свойствам (износоустойчивости, влагоустойчивости, на..","3 715 руб.",http://belwooddoors.ru/image/cache/data/new/perfecta-kasht-diamant-100x200.png,http://belwooddoors.ru/doors?product_id=220,"Шпонированные двери / Двери экошпон"
"Перфекта каштан золотистый Мателюкс","Межкомнатные белорусские двери Белвуддорс Перфекта каштан золотистый стекло Мателюкс.    	Дверь&nbsp; межкомнатная Перфекта&nbsp; покрываются экошпоном немецкой фирмы.  	Благодаря этому, они на порядок превышают по основным потребительским свойствам (износоустойчивости, влагоустойчивости, надежно..","4 372 руб.",http://belwooddoors.ru/image/cache/data/123/perfecta_kashtan__zolotistyi_ris_14-100x200.jpg,http://belwooddoors.ru/doors?product_id=219,"Шпонированные двери / Двери экошпон"
"Перфекта клен серебристый ДГ","Межкомнатные белорусские двери Belwooddoors Перфекта клен серебристый глухая.    	Дверь&nbsp; межкомнатная Перфекта&nbsp; покрываются экошпоном немецкой фирмы.  	Благодаря этому, они на порядок превышают по основным потребительским свойствам (износоустойчивости, влагоустойчивости, надежности в эк..","2 278 руб.",http://belwooddoors.ru/image/cache/data/bud/4/perf_klen_pg-100x200.jpg,http://belwooddoors.ru/doors/perfecta_silver,"Шпонированные двери / Двери экошпон"
"Перфекта клен серебристый Мателюкс","Межкомнатные белорусские двери Belwooddoors Перфекта клен серебристый стекло Мателюкс.    	Дверь&nbsp; межкомнатная Перфекта&nbsp; покрываются экошпоном немецкой фирмы.  	Благодаря этому, они на порядок превышают по основным потребительским свойствам (износоустойчивости, влагоустойчивости, надежн..","4 160 руб.",http://belwooddoors.ru/image/cache/data/perf_klen_po-100x200.jpg,http://belwooddoors.ru/doors?product_id=217,"Шпонированные двери / Двери экошпон"
"Перфекта миланский орех ДГ","Межкомнатные белорусские двери Белвуддорс Перфекта Миланский Орех глухая.    	Дверь&nbsp; межкомнатная Перфекта&nbsp; покрываются экошпоном немецкой фирмы.  	Благодаря этому, они на порядок превышают по основным потребительским свойствам (износоустойчивости, влагоустойчивости, надежности в эксплу..","2 278 руб.",http://belwooddoors.ru/image/cache/data/bud/4/perf_milan_pg-100x200.jpg,http://belwooddoors.ru/doors?product_id=215,"Шпонированные двери / Двери экошпон"
"Перфекта миланский орех Мателюкс","Межкомнатные белорусские двери Belwooddoors Перфекта Миланский Орех стекло Мателюкс.    	Дверь&nbsp; межкомнатная Перфекта&nbsp; покрываются экошпоном немецкой фирмы.  	Благодаря этому, они на порядок превышают по основным потребительским свойствам (износоустойчивости, влагоустойчивости, надежнос..","4 160 руб.",http://belwooddoors.ru/image/cache/data/perf_milan_po-100x200.jpg,http://belwooddoors.ru/doors/perfecta_milan,"Шпонированные двери / Двери экошпон"
"Максимум венге 201","Межкомнатная белорусская дверь Belwooddoors Максимум 201 венге.    	Стоевые полотна изготавливается из сосновых брусков, облицованных шпоном либо CPL-покрытием с применением стабилизирующей МДФ-подложки для предотвращения деформации полотна в процессе эксплуатации.  	Филенки представляют собой ко..","8 555 руб.",http://belwooddoors.ru/image/cache/data/veng_01-100x200.jpg,http://belwooddoors.ru/doors/maximum_wenge,"Шпонированные двери / Двери экошпон"
"Каролина дуб ДГ","Межкомнатная белорусская дверь Белвуддорс&nbsp; Каролина Дуб глухая.    	Модель межкомнатных шпонированных дверей ""Каролина"" выполнена в двух вариантах: полотно глухое и полотно остекленное (с раскладкой или без).  	В качестве облицовки используется шпон дуба.  	В модели “Каролина” применяются со..","5 411 руб.",http://belwooddoors.ru/image/cache/data/003-100x200.jpg,http://belwooddoors.ru/doors/carolina_oak,"Шпонированные двери / Двери экошпон"
"Каролина дуб ДО","Межкомнатная белорусская дверь Белвуддорс&nbsp; Каролина Дуб остекленная.    	Модель межкомнатных шпонированных дверей ""Каролина"" выполнена в двух вариантах: полотно глухое и полотно остекленное (с раскладкой или без).  	В качестве облицовки используется шпон дуба.  	В модели “Каролина” применяют..","6 689 руб.",http://belwooddoors.ru/image/cache/data/new/karolina-dub-do-100x200.jpg,http://belwooddoors.ru/doors?product_id=230,"Шпонированные двери / Двери экошпон"
"Каролина дуб Мателюкс","Межкомнатная белорусская дверь Белвуддорс&nbsp; Каролина Дуб стекло Мателюкс.    	Модель межкомнатных шпонированных дверей ""Каролина"" выполнена в двух вариантах: полотно глухое и полотно остекленное (с раскладкой или без).  	В качестве облицовки используется шпон дуба.  	В модели “Каролина” приме..","7 284 руб.",http://belwooddoors.ru/image/cache/data/furnitura/12345-100x200.JPG,http://belwooddoors.ru/doors?product_id=231,"Шпонированные двери / Двери экошпон"
"Каролина орех ДГ","Межкомнатная белорусская дверь Белвуддорс&nbsp; Каролина Орех глухая.    	Модель межкомнатных шпонированных дверей ""Каролина"" выполнена в двух вариантах: полотно глухое и полотно остекленное (с раскладкой или без).  	В качестве облицовки используется шпон fine-line в цвете орех.  	В модели “Карол..","5 728 руб.",http://belwooddoors.ru/image/cache/data/006-100x200.jpg,http://belwooddoors.ru/doors?product_id=233,"Шпонированные двери / Двери экошпон"
"Каролина орех ДО","Межкомнатная белорусская дверь Белвуддорс&nbsp; Каролина Орех остекленная.    	Модель межкомнатных шпонированных дверей ""Каролина"" выполнена в двух вариантах: полотно глухое и полотно остекленное (с раскладкой или без).  	В качестве облицовки используется шпон fine-line в цвете орех.  	В модели “..","6 952 руб.",http://belwooddoors.ru/image/cache/data/new/karolina-orex-do-100x200.jpg,http://belwooddoors.ru/doors?product_id=232,"Шпонированные двери / Двери экошпон"
"Каролина орех Мателюкс","Межкомнатная белорусская дверь Belwooddoors&nbsp; Каролина Орех стекло Мателюкс.    	Модель межкомнатных шпонированных дверей ""Каролина"" выполнена в двух вариантах: полотно глухое и полотно остекленное (с раскладкой или без).  	В качестве облицовки используется шпон fine-line в цвете орех.  	В мо..","7 599 руб.",http://belwooddoors.ru/image/cache/data/new/karolina-orex-1-100x200.png,http://belwooddoors.ru/doors/carolina_nutwood,"Шпонированные двери / Двери экошпон"
"Каролина падук ДГ","Межкомнатная белорусская дверь Белвуддорс&nbsp; Каролина падук глухая.    	Модель межкомнатных шпонированных дверей ""Каролина"" выполнена в двух вариантах: полотно глухое и полотно остекленное (с раскладкой или без).  	В качестве облицовки используется шпон fine-line в цвете падук.  	В модели “Кар..","5 728 руб.",http://belwooddoors.ru/image/cache/data/logo/karol-paduc-dg-100x200.jpg,http://belwooddoors.ru/doors?product_id=234,"Шпонированные двери / Двери экошпон"
"Каролина падук ДО","Межкомнатная белорусская дверь Белвуддорс&nbsp; Каролина падук остекленная.    	Модель межкомнатных шпонированных дверей ""Каролина"" выполнена в двух вариантах: полотно глухое и полотно остекленное (с раскладкой или без).  	В качестве облицовки используется шпон fine-line в цвете падук.  	В модели..","6 952 руб.",http://belwooddoors.ru/image/cache/data/new/karolina-paduc-do-100x200.jpg,http://belwooddoors.ru/doors?product_id=255,"Шпонированные двери / Двери экошпон"
"Каролина падук Мателюкс","Межкомнатная белорусская дверь Белвуддорс&nbsp; Каролина падук стекло Мателюкс.    	Модель межкомнатных шпонированных дверей ""Каролина"" выполнена в двух вариантах: полотно глухое и полотно остекленное (с раскладкой или без).  	В качестве облицовки используется шпон fine-line в цвете падук.  	В мо..","7 599 руб.",http://belwooddoors.ru/image/cache/data/new/karolina-paduc-1-100x200.png,http://belwooddoors.ru/doors/carolina_paduk,"Шпонированные двери / Двери экошпон"
"Ланда венге ДГ","Межкомнатная белорусская дверь Belwooddoors Ланда венге глухая.    	модель межкомнатных дверей ""Ланда"" изготовлена из клееного щита из массива сосны, облицованного шпоном с применением стабилизирующей МДФ-подложки для предотвращения деформации полотна в процессе эксплуатации.  	Филенки модели “Ла..","9 246 руб.",http://belwooddoors.ru/image/cache/data/bud/5/landa_v_pg-100x200.jpg,http://belwooddoors.ru/doors?product_id=235,"Шпонированные двери / Двери экошпон"
"Ланда венге ДО","Межкомнатная белорусская дверь Белвуддорс Ланда венге остекленная.    	модель межкомнатных дверей ""Ланда"" изготовлена из клееного щита из массива сосны, облицованного шпоном с применением стабилизирующей МДФ-подложки для предотвращения деформации полотна в процессе эксплуатации.  	Филенки модели ..","10 784 руб.",http://belwooddoors.ru/image/cache/data/landa_v_po-100x200.jpg,http://belwooddoors.ru/doors/landa_wenge,"Шпонированные двери / Двери экошпон"
"Ланда дуб беленый ДГ","Межкомнатная белорусская дверь Белвуддорс Ланда беленый дуб глухая.    	модель межкомнатных дверей ""Ланда"" изготовлена из клееного щита из массива сосны, облицованного шпоном с применением стабилизирующей МДФ-подложки для предотвращения деформации полотна в процессе эксплуатации.  	Филенки модели..","9 246 руб.",http://belwooddoors.ru/image/cache/data/bud/5/landa_db_pg-100x200.jpg,http://belwooddoors.ru/doors/landa_oak_wh,"Шпонированные двери / Двери экошпон"
"Ланда дуб беленый ДО","Межкомнатная белорусская дверь Белвуддорс Ланда беленый дуб остекленная.    	модель межкомнатных дверей ""Ланда"" изготовлена из клееного щита из массива сосны, облицованного шпоном с применением стабилизирующей МДФ-подложки для предотвращения деформации полотна в процессе эксплуатации.  	Филенки м..","10 784 руб.",http://belwooddoors.ru/image/cache/data/landa_db_po-100x200.jpg,http://belwooddoors.ru/doors?product_id=236,"Шпонированные двери / Двери экошпон"
"Ланда орех ДГ","Межкомнатная белорусская дверь Белвуддорс Ланда орех глухая.    	Двери Ланда Орех глухая представляет собой какасную дверь с глухой филенкой почти на всю высоту полотна. Филенка выполнена из МДФ. По бокам имеются фигурные углубления ,что придает изящество и утонченность все композиции.    	Станда..","9 246 руб.",http://belwooddoors.ru/image/cache/data/123/landa_orex-100x200.jpg,http://belwooddoors.ru/doors/landa_nutwood,"Шпонированные двери / Двери экошпон"
"Ланда орех ДО","Межкомнатная белорусская дверь Белвуддорс Ланда орех остекленная.    	Двери Ланда орех остекленная выполнена по тому же принципу ,что и глухое полотно. Только в филенку сбоку вставлено стекло ""Мателюкс"" с пескоструйным рисунком. Горизонтальное расположение стекла ,почти на всю высоту двери, прида..","10 784 руб.",http://belwooddoors.ru/image/cache/data/bud/5/landa_or_po-100x200.jpg,http://belwooddoors.ru/doors?product_id=237,"Шпонированные двери / Двери экошпон"
"Корона дуб радиал / орех","Межкомнатная белорусская дверь Belwooddoors&nbsp; Корона дуб радиал/орех глухая.    	модель “Корона” выполнена в двух вариантах (полотно глухое и остекленное).  	В качестве облицовки используется шпон fine-line в цвете дуб совместно со шпоном fine-line в цвете орех.  	В модели применяются закладн..","5 632 руб.",http://belwooddoors.ru/image/cache/data/new/korona-dg-100x200.png,http://belwooddoors.ru/doors?product_id=229,"Шпонированные двери / Двери экошпон"
"Корона дуб радиал / орех Мателюкс","Межкомнатная белорусская дверь Belwooddoors&nbsp; Корона дуб радиал/орех стекло Мателюкс.    	модель “Корона” выполнена в двух вариантах (полотно глухое и остекленное).  	В качестве облицовки используется шпон fine-line в цвете дуб совместно со шпоном fine-line в цвете орех.  	В модели применяютс..","7 380 руб.",http://belwooddoors.ru/image/cache/data/parket/123-100x200.png,http://belwooddoors.ru/doors/corona_oak_nutwood,"Шпонированные двери / Двери экошпон"
"Премьера дуб патина ДГ","Межкомнатные белорусские двери Белвуддорс Премьера дуб патина глухая.    	модель филенчатых дверей ""Премьера"", изготавливается в двух вариантах:полотно глухое и полотно остекленное (с раскладкой и без).  	Каркас полотна изготавливается из сосновых брусков с применением стабилизирующей МДФ - подло..","12 433 руб.",http://belwooddoors.ru/image/cache/data/premiere_patina_karniz-100x200.png,http://belwooddoors.ru/doors?product_id=240,"Шпонированные двери / Двери экошпон"
"Премьера дуб патина ДО","Межкомнатные белорусские&nbsp; двери Belwooddoors Премьера дуб патина остекленная.    	модель филенчатых дверей ""Премьера"", изготавливается в двух вариантах:полотно глухое и полотно остекленное (с раскладкой и без).  	Каркас полотна изготавливается из сосновых брусков с применением стабилизирующе..","13 472 руб.",http://belwooddoors.ru/image/cache/data/new/premera-dubpat-do-100x200.jpg,http://belwooddoors.ru/doors/premjera_oak_patina,"Шпонированные двери / Двери экошпон"
"Франческа слоновая кость ДГ","Межкомнатная белорусская дверь Belwooddoors Франческо слоновая кость глухая.    	модель Франческа выпускаются в двух вариантах: полотно глухое и полотно остекленное.  	Остекленное полотно : Мателюкс белый с пескоструйным рисунком, Мателюкс белый с витражным рисунком.  	Каркас полотна изготавливае..","10 150 руб.",http://belwooddoors.ru/image/cache/data/franchesco_slon_pg-100x200.jpg,http://belwooddoors.ru/doors?product_id=253,"Шпонированные двери / Двери экошпон"
"Франческа слоновая кость Кристалайз","Межкомнатная белорусская дверь Belwooddoors Франческо слоновая кость стекло Кристалайз.    	модель Франческа выпускаются в двух вариантах: полотно глухое и полотно остекленное.  	Остекленное полотно : Мателюкс белый с пескоструйным рисунком, Мателюкс белый с витражным рисунком.  	Каркас полотна и..","15 041 руб.",http://belwooddoors.ru/image/cache/data/new/franceska-slon-28-100x200.png,http://belwooddoors.ru/doors/franchesco_slonovaya_kost,"Шпонированные двери / Двери экошпон"
"Франческа слоновая кость ст.34","Межкомнатная белорусская дверь Belwooddoors Франческо слоновая кость стекло 34.    	Двери Франческо Слоновая кость остекленная с рис.34 украшено стеклом ""Мателюкс белый кристалайз"".&nbsp; Широкий фигурный багет служит обрамлением для изысканног стекла с рисунком в крупный ромб. Наличники кстати и..","15 041 руб.",http://belwooddoors.ru/image/cache/data/new/fran-34-100x200.png,http://belwooddoors.ru/doors?product_id=331,"Шпонированные двери / Двери экошпон"
"Соренто слоновая кость ДГ","Межкомнатные белорусские двери Belwooddoors Соренто слоновая кость глухая.    	Изящные двери данной модели, имеют очень интересное художественное оформление. Оно проявляется не только в двух прямоугольных фигурах, слегка углубленных в массив, но и в прекрасном рисунке по углам. Будто рука художни..","10 388 руб.",http://belwooddoors.ru/image/cache/data/furn/sorrento-pg-slkost-100x200.jpg,http://belwooddoors.ru/doors?product_id=322,"Шпонированные двери / Двери экошпон"
"Соренто слоновая кость ДО","Межкомнатные белорусские двери Белвуддорс Соренто слоновая кость остекленная.    	Производители белорусских дверей, как мы видим на примере белорусских дверей Белвуддорс Соренто слоновая кость остекленная, сумели не только создать особый дизайн полотна, но еще и обыграть по новому саму коробку дв..","15 568 руб.",http://belwooddoors.ru/image/cache/data/furn/sorrento-po-slon-kost-ris.-33-100x200.jpg,http://belwooddoors.ru/doors?product_id=323,"Шпонированные двери / Двери экошпон"
" Франческо Олива ДГ","Межкомнатная белорусская дверь Белвуддорс Франческо Олива глухая.    	Неувядающая красота и стиль эпохи барокко нашли свое отражение в данной модели. Белорусская дверь БЕЛВУДДОРС Франческо винтаж олива глухая выполнена в оливковом цвете, который можно достаточно гармонично вписать в интерьер, вып..","20 200 руб.",http://belwooddoors.ru/image/cache/data/new1/v-7-100x200.jpg,http://belwooddoors.ru/doors?product_id=385,"Шпонированные двери / Двери экошпон"
"Франческа винтаж Олива","Межкомнатные белорусские двери Белвуддорс Франческо винтаж Олива остекленная.    	Стиль винтаж стал снова востребованным и довольно часто используемым дизайнерами в интерьере. белорусская дверь Белвуддорс Франческа винтаж Олива остекленная станет прекрасным дополнением вашего интерьера привнесет ..","24 840 руб.",http://belwooddoors.ru/image/cache/data/new1/fran-oliva-100x200.jpg,http://belwooddoors.ru/doors?product_id=376,"Шпонированные двери / Двери экошпон"
" Франческо Пепельная Роза ДГ","Межкомнатная белорусская дверь Белвуддорс Франческо Пепельная Роза глухая.    	Модель имеет легкий светло-розовый оттенок, который является характерным представителем винтажного стиля. Сочетание оттенка пепельная розас жемчужно-серым является классическим беспроигрышным вариантом. Белорусская две..","20 200 руб.",http://belwooddoors.ru/image/cache/data/new1/v-8-100x200.jpg,http://belwooddoors.ru/doors?product_id=386,"Шпонированные двери / Двери экошпон"
"Франческа винтаж Пепельная Роза","Межкомнатные белорусские двери Belwooddoors Франческо винтаж Пепельная Роза остекленная.    	Модель имеет филенчатую конструкцию и сочетает в себе высокую прочность, отличную звукоизоляцию и небольшой вес. Приятный нежный оттенок, в котором выполнена дверь, внесет в ваш интерьер легкость, гармони..","24 840 руб.",http://belwooddoors.ru/image/cache/data/new1/fran-pepel-100x200.jpg,http://belwooddoors.ru/doors?product_id=375,"Шпонированные двери / Двери экошпон"
"Франческо винтаж Портофино ДГ","Межкомнатная белорусская дверь Belwoodddoors Франческо винтаж Портофино глухая.    	Модель винтаж Портофино завораживает блеском изысканного стиля. Дверь имеет ультрамодный на сегодняшний день оттенок и является довольно востребованной среди покупателей благодаря своему привлекательному внешнему ..","17 320 руб.",http://belwooddoors.ru/image/cache/data/new1/v-2-100x200.jpg,http://belwooddoors.ru/doors?product_id=380,"Шпонированные двери / Двери экошпон"
"Франческа винтаж Портофино","Межкомнатные белорусские двери Белвуддорс Франческо винтаж Портофино остекленная.    	В белорусских дверях БЕЛВУДДОРС Франческо винтаж Портофино остекленная используется натуральный дубовый шпон с отделкой эмалю, эффект винтаж создается мастерами вручную. Модель оснащена белым стеклом «мателюкс к..","21 950 руб.",http://belwooddoors.ru/image/cache/data/new1/francheska-vintag-portofino-100x200.jpg,http://belwooddoors.ru/doors?product_id=364,"Шпонированные двери / Двери экошпон"
"Франческо винтаж Прованс ДГ","Межкомнатная белорусская дверь Белвуддорс Франческо винтаж Прованс глухая.    	Элегантность, изысканность линий и форм нашли свое воплощение в белорусской двери БЕЛВУДДОРС Франческа винтаж Прованс глухая. Данная дверь относится к коллекции премиум шпон и обладает превосходными характеристиками и ..","17 320 руб.",http://belwooddoors.ru/image/cache/data/new/v-3-100x200.jpg,http://belwooddoors.ru/doors?product_id=381,"Шпонированные двери / Двери экошпон"
"Франческа винтаж Прованс","Межкомнатные белорусские двери Belwooddoors Франческо винтаж Прованс остекленная.    	Белорусские Двери BELWOODDOORS в винтажном стиле Франческа винтаж Прованс остекленная-это не только удачное интерьерное решение, это создание уникальной атмосферы духа давно прошедшего времени с нотками Франции...","21 950 руб.",http://belwooddoors.ru/image/cache/data/new1/francheska-vintag-provans-100x200.jpg,http://belwooddoors.ru/doors?product_id=365,"Шпонированные двери / Двери экошпон"
"Франческо винтаж Шоколад ДГ","Межкомнатная белорусская дверь Белвуддорс Франческо винтаж Шоколад глухая.    	Данная модель завораживает своей красотой. Эксклюзивный и модный на данный момент цвет шоколад отличновписывается в интерьер и превосходно сочетается с актуальными коллекциями обоев, полов и мебели, данный цвет являетс..","20 200 руб.",http://belwooddoors.ru/image/cache/data/new1/v-9-100x200.jpg,http://belwooddoors.ru/doors?product_id=387,"Шпонированные двери / Двери экошпон"
"Франческа винтаж Шоколад","Межкомнатные белорусские двери Belwooddoors Франческо винтаж Шоколад остекленная.    	Данная модель имеет эксклюзивный винтажный эффект, который делается мастерами компании вручную на втором этапе грунтовочных работ. Белорусская дверь BELWOODDOORS Франческо винтаж шоколад остекленная имеет повыше..","24 840 руб.",http://belwooddoors.ru/image/cache/data/new1/fran-shok-100x200.jpg,http://belwooddoors.ru/doors?product_id=374,"Шпонированные двери / Двери экошпон"
"Франческо Винтаж Белая ДГ","Межкомнатная белорусская дверь Belwoodddoors Франческо винтаж Белая глухая.    	Дверь относится к коллекции класса премиум и обладает всеми положительными характеристиками своей ценовой категории. Современные технологии и качественные передовые материалы, используемые при изготовлении данной моде..","20 200 руб.",http://belwooddoors.ru/image/cache/data/new1/v-4-100x200.jpg,http://belwooddoors.ru/doors?product_id=382,"Шпонированные двери / Двери экошпон"
"Франческа винтаж Белая","Межкомнатные белорусские двери Белвуддорс Франческо винтаж белая остекленная.    	Насытившись разнообразием цветов и оттенков, покупатели снова стали присматриваться к белому цвету, и это не удивительно, ведь двери белого цвета придают помещению легкость, воздушность, делают его более светлым и п..","24 840 руб.",http://belwooddoors.ru/image/cache/data/new1/fran-bel-100x200.jpg,http://belwooddoors.ru/doors?product_id=378,"Шпонированные двери / Двери экошпон"
" Франческо Графит ДГ","Межкомнатная белорусская дверь Белвуддорс Франческо графит глухая.    	Данная модель является в прямом смысле дверью ручной работы, так как эффект винтаж специалисты компании Belwooddoors делают вручную, применяя при этом передовые материалы фирмы Renner (Италия). Вы можете быть уверенны на все с..","17 320 руб.",http://belwooddoors.ru/image/cache/data/new1/v-1(1)-100x200.jpg,http://belwooddoors.ru/doors?product_id=379,"Шпонированные двери / Двери экошпон"
"Франческа винтаж Графит","Межкомнатные белорусские двери Belwooddoors Франческо винтаж графит остекленная.    	Модель белорусской двери BELWOODDOORS Франческа винтаж Графит ДО завораживает своим блеском и изысканностью. Эксклюзивный ретро цвет Графит идеально сочетается с актуальными сейчас коллекциями обоев, полов, а так..","21 950 руб.",http://belwooddoors.ru/image/cache/data/new1/francheska-vintag-grafit-100x200.jpg,http://belwooddoors.ru/doors?product_id=363,"Шпонированные двери / Двери экошпон"
"Франческо винтаж Капучино ДГ","Межкомнатная белорусская дверь Белвуддорс Франческо винтаж Капучино глухая.    	Дверь выполнена во вкусном и теплом оттенке капучино, который отлично сочетается с бежевым и белым оттенком, а сочетание с оранжевым внесет в ваш интерьер некую неординарность и оригинальность. Состаривание поверхност..","17 320 руб.",http://belwooddoors.ru/image/cache/data/new1/v-5-100x200.jpg,http://belwooddoors.ru/doors?product_id=383,"Шпонированные двери / Двери экошпон"
"Франческа винтаж Капучино","Межкомнатные белорусские двери Belwooddoors Франческо винтаж капучино остекленная.    	Белорусская дверь BELWOODDOORS Франческо винтаж Капучино остекленная имеет прочное, элегантное стекло ""Мателюкс белый кристаллайз"", в котором простота линий удачно сочетается с великолепным узором, находящимся ..","21 950 руб.",http://belwooddoors.ru/image/cache/data/new1/francheska-vintag-kapuchino-100x200.jpg,http://belwooddoors.ru/doors?product_id=362,"Шпонированные двери / Двери экошпон"
"Франческа винтаж Кашемир","Межкомнатные белорусские&nbsp; двери Белвуддорс Франческо винтаж Кашемир остекленная.    	Изысканность и стиль вот синонимы данной модели. Каждая дверь, благодаря ручной работе по искусственному состариванию, является неповторимой. Модель имеет оригинальное стекло с приятным и ненавязчивым рисунк..","24 840 руб.",http://belwooddoors.ru/image/cache/data/new1/fran-kash-100x200.jpg,http://belwooddoors.ru/doors?product_id=377,"Шпонированные двери / Двери экошпон"
" Франческо Кашемир ДГ","Межкомнатная белорусская дверь BELWOODDOORS&nbsp; Франческо Кашемир глухая.    	Винтажная дверь цвета кашемир станет изюминкой вашего интерьера. Белорусская дверь BELWOODDOORS Франческо кашемир глухая выполнена в востребованном на данный момент оттенке и имеет превосходные показатели износоустойч..","20 200 руб.",http://belwooddoors.ru/image/cache/data/new1/v-6-100x200.jpg,http://belwooddoors.ru/doors?product_id=384,"Шпонированные двери / Двери экошпон"
"Грандекс 202 венге","Межкомнатная белорусская дверь Белвуддорс Грандекс 202 венге.    	модель межкомнатных дверей ""Грандекс 202"" изготовлена из клееного щита из массива сосны, облицованного шпоном с применением стабилизирующей МДФ-подложки для предотвращения деформации полотна в процессе эксплуатации.  	Изготовление ..","10 784 руб.",http://belwooddoors.ru/image/cache/data/202v-100x200.jpg,http://belwooddoors.ru/doors/grandex_202_wenge,"Шпонированные двери / Двери экошпон"
"Грандекс 208 венге","Межкомнатная белорусская дверь Белвуддорс Грандекс 208 венге.    	Дверь межкомнатная модель межкомнатных дверей ""Грандекс 208"" изготовлена из клееного щита из массива сосны, облицованного шпоном с применением стабилизирующей МДФ-подложки для предотвращения деформации полотна в процессе эксплуатац..","10 784 руб.",http://belwooddoors.ru/image/cache/data/208v-100x200.jpg,http://belwooddoors.ru/doors/grandex_208_wenge,"Шпонированные двери / Двери экошпон"
"Грандекс 202 дуб беленый","Межкомнатная белорусская дверь Belwoodddoors Грандекс 202 беленый дуб.    	модель межкомнатных дверей ""Грандекс 202"" изготовлена из клееного щита из массива сосны, облицованного шпоном с применением стабилизирующей МДФ-подложки для предотвращения деформации полотна в процессе эксплуатации.  	Изго..","10 784 руб.",http://belwooddoors.ru/image/cache/data/furnitura/grand202-100x200.jpg,http://belwooddoors.ru/doors/grandex_202_oak_wh,"Шпонированные двери / Двери экошпон"
"Грандекс 208 дуб беленый","Межкомнатная белорусская дверь Belwoodddoors Грандекс 208 беленый дуб.    	Дверь межкомнатная модель межкомнатных дверей ""Грандекс 208"" изготовлена из клееного щита из массива сосны, облицованного шпоном с применением стабилизирующей МДФ-подложки для предотвращения деформации полотна в процессе э..","10 784 руб.",http://belwooddoors.ru/image/cache/data/208db-100x200.jpg,http://belwooddoors.ru/doors/grandex_208_oak_wh,"Шпонированные двери / Двери экошпон"
